-- phpMyAdmin SQL Dump
-- version 5.1.1
-- https://www.phpmyadmin.net/
--
-- Hôte : 127.0.0.1:3306
-- Généré le : jeu. 31 mars 2022 à 20:25
-- Version du serveur : 5.7.36
-- Version de PHP : 7.4.26

SET SQL_MODE = "NO_AUTO_VALUE_ON_ZERO";
START TRANSACTION;
SET time_zone = "+00:00";


/*!40101 SET @OLD_CHARACTER_SET_CLIENT=@@CHARACTER_SET_CLIENT */;
/*!40101 SET @OLD_CHARACTER_SET_RESULTS=@@CHARACTER_SET_RESULTS */;
/*!40101 SET @OLD_COLLATION_CONNECTION=@@COLLATION_CONNECTION */;
/*!40101 SET NAMES utf8mb4 */;

--
-- Base de données : `gyff`
--

-- --------------------------------------------------------

--
-- Structure de la table `evergreen`
--

DROP TABLE IF EXISTS `evergreen`;
CREATE TABLE IF NOT EXISTS `evergreen` (
  `id` int(11) NOT NULL AUTO_INCREMENT,
  `value` varchar(2) NOT NULL,
  PRIMARY KEY (`id`)
) ENGINE=InnoDB AUTO_INCREMENT=4 DEFAULT CHARSET=utf8;

--
-- Déchargement des données de la table `evergreen`
--

INSERT INTO `evergreen` (`id`, `value`) VALUES
(1, 'D'),
(2, 'E'),
(3, 'SE');

-- --------------------------------------------------------

--
-- Structure de la table `fertility`
--

DROP TABLE IF EXISTS `fertility`;
CREATE TABLE IF NOT EXISTS `fertility` (
  `id` int(11) NOT NULL AUTO_INCREMENT,
  `value` varchar(3) NOT NULL,
  PRIMARY KEY (`id`)
) ENGINE=InnoDB AUTO_INCREMENT=4 DEFAULT CHARSET=utf8;

--
-- Déchargement des données de la table `fertility`
--

INSERT INTO `fertility` (`id`, `value`) VALUES
(1, 'SF'),
(2, 'SS'),
(3, 'M/F');

-- --------------------------------------------------------

--
-- Structure de la table `hardiness`
--

DROP TABLE IF EXISTS `hardiness`;
CREATE TABLE IF NOT EXISTS `hardiness` (
  `id` int(11) NOT NULL AUTO_INCREMENT,
  `value` int(11) NOT NULL,
  PRIMARY KEY (`id`)
) ENGINE=InnoDB AUTO_INCREMENT=9 DEFAULT CHARSET=utf8;

--
-- Déchargement des données de la table `hardiness`
--

INSERT INTO `hardiness` (`id`, `value`) VALUES
(1, 2),
(2, 3),
(3, 4),
(4, 5),
(5, 6),
(6, 7),
(7, 8),
(8, 9);

-- --------------------------------------------------------

--
-- Structure de la table `layer`
--

DROP TABLE IF EXISTS `layer`;
CREATE TABLE IF NOT EXISTS `layer` (
  `id` int(11) NOT NULL AUTO_INCREMENT,
  `name` varchar(255) NOT NULL,
  `label` varchar(255) NOT NULL,
  PRIMARY KEY (`id`)
) ENGINE=InnoDB AUTO_INCREMENT=5 DEFAULT CHARSET=utf8;

--
-- Déchargement des données de la table `layer`
--

INSERT INTO `layer` (`id`, `name`, `label`) VALUES
(1, 'Canopy\r\n', 'canopy'),
(2, 'Shrub', 'shrub'),
(3, 'Perennials / Covers', 'perennial'),
(4, 'Annuals / Biennials and climbers', 'annual');

-- --------------------------------------------------------

--
-- Structure de la table `plant`
--

DROP TABLE IF EXISTS `plant`;
CREATE TABLE IF NOT EXISTS `plant` (
  `id` int(11) NOT NULL AUTO_INCREMENT,
  `name` varchar(255) NOT NULL,
  `latin_name` varchar(255) NOT NULL,
  `shade_tolerance` int(11) NOT NULL,
  `shade_preference` int(11) NOT NULL,
  `performance` int(11) NOT NULL,
  `small` tinyint(1) NOT NULL,
  `nitrogen_fixing` tinyint(1) NOT NULL,
  `description` text,
  `cover` int(11) NOT NULL,
  `layer_id` int(11) NOT NULL,
  PRIMARY KEY (`id`),
  KEY `layer_id` (`layer_id`)
) ENGINE=InnoDB AUTO_INCREMENT=268 DEFAULT CHARSET=utf8;

--
-- Déchargement des données de la table `plant`
--

INSERT INTO `plant` (`id`, `name`, `latin_name`, `shade_tolerance`, `shade_preference`, `performance`, `small`, `nitrogen_fixing`, `description`, `cover`, `layer_id`) VALUES
(1, 'Quince', 'Cydonia oblonga', 2, 1, 2, 0, 0, 'Ripe quince fruits are hard and tart and seldom eaten raw, but are processed into marmalade, jam, jelly (known as quince cheese) or alcoholic beverages.', 0, 1),
(2, 'Fig', 'Ficus carica', 2, 1, 2, 0, 0, 'Figs can be eaten fresh or dried, or processed into jam, rolls, biscuits and other types of desserts. Figs do not transport and keep well so eat fresh and don\'t store for long.', 0, 1),
(3, 'Apple', 'Malus domestica', 2, 1, 4, 1, 0, 'Generally, apple cultivars are propagated by clonal grafting onto rootstocks. Apple trees grown without rootstocks tend to be larger and much slower to fruit after planting. Different cultivars are bred for various tastes and uses, including cooking, eating raw, and cider production.', 0, 1),
(4, 'Medlar', 'Mespilus germanica', 3, 1, 4, 1, 0, 'The fruit of this tree, also called medlar, has been cultivated since Roman times, and is unusual in being available in winter, and in being eaten when bletted. It may be eaten raw and in a range of cooked dishes.', 0, 1),
(5, 'Apricot', 'Prunus armeniaca', 1, 1, 2, 0, 0, 'The fruit is a drupe similar to a small peach, its surface can be smooth or velvety with very short hairs. The flesh is succulent and its taste can range from sweet to tart.', 0, 1),
(6, 'Sweet cherry', 'Prunus avium', 2, 1, 3, 1, 0, 'The fruit is a drupe, bright red to dark purple when mature in midsummer, edible, variably sweet to somewhat astringent and bitter to eat fresh.', 0, 1),
(7, 'Sour cherry', 'Prunus cerasus', 3, 1, 3, 0, 0, 'The tree is smaller than the sweet cherry. Sour cherries require similar cultivation conditions to pears, that is, they prefer a rich, well-drained, moist soil, although they demand more nitrogen and water than sweet cherries.', 0, 1),
(8, 'Plums', 'Prunus domestica and insititia', 2, 1, 4, 1, 0, 'The edible pulp is usually sweet (dessert plum), though some varieties are sour and require cooking with sugar to make them palatable.', 0, 1),
(9, 'Peach and Nectarine', 'Prunus persica', 1, 1, 2, 0, 0, 'It bears edible juicy fruits with various characteristics, most called peaches and others (the glossy-skinned, non-fuzzy varieties), nectarines.', 0, 1),
(10, 'Japanese Plum', 'Prunus salicina', 2, 1, 3, 0, 0, 'The fruit is a drupe, 4 to 7 cm in diameter with yellow-pink flesh. It can be harvested in the summer. When fully ripe it can be eaten raw.', 0, 1),
(11, 'Pears', 'Pyrus communis ', 2, 1, 3, 1, 0, 'Common pear trees are not quite as hardy as apples, but nearly so. However, they do require some winter chilling to produce fruit. For best and most consistent quality, Common pears are picked when the fruit matures, but before they are ripe. Fruit allowed to ripen on the tree often drops before it can be picked, and in any event will be hard to pick without bruising.', 0, 1),
(12, 'Juneberries', 'Amelanchier', 2, 1, 3, 0, 0, 'The fruit is a berry-like pome, red to purple to nearly black at maturity, 5 to 15 mm diameter, insipid to delectably sweet, maturing in summer.', 0, 1),
(13, 'Strawberry tree', 'Arbutus unedo', 2, 1, 2, 0, 0, 'The fruits are edible fresh, but that is an uncommon consumption, especially because the mature fruit tends to bruise very easily, making transportation difficult. They are used mostly for jam, marmalades, yogurt and alcoholic beverages,', 0, 1),
(14, 'Pawpaw', 'Asimina triloba', 2, 1, 3, 0, 0, 'Pawpaw fruits have a sweet, custard-like flavor somewhat similar to banana, mango, and pineapple, and are commonly eaten raw, but are also used to make ice cream and baked desserts. The bark, leaves, and fruit contain the insecticidal neurotoxin annonacin.', 0, 1),
(15, 'Dogwood', 'Cornus ', 2, 1, 3, 0, 0, 'The species Cornus mas is commonly cultivated for its showy, edible berries, that have the color of the carnelian gemstone. Cornelian-cherries have one seed each and are used in syrups and preserves.', 0, 1),
(16, 'Hawthorns', 'Crataegus', 3, 1, 4, 1, 0, 'The \'haws\' or fruits of the common hawthorn, C. monogyna, are edible. In the United Kingdom, they are sometimes used to make a jelly or homemade wine. The leaves are edible, and if picked in spring when still young, are tender enough to be used in salads.', 0, 1),
(17, 'Blue bean', 'Decaisnea fargesii', 2, 1, 3, 0, 0, 'Its main attraction is the pendent bean-like pods which appear in autumn, and are an unusual blue-grey colour. The pulp is edible with a taste similar to melon.', 0, 1),
(18, 'Persimmons', 'Dispyros', 1, 1, 2, 0, 0, 'The genus includes several plants of commercial importance, either for their edible fruit (persimmons) or for their timber (ebony).', 0, 1),
(19, 'Elaeagnus', 'Elaeagnus x ebbingei', 5, 1, 3, 0, 0, 'According to Martin Crawford, this plant would get on his top ten list of plant for a forest garden. It is a great  multipupose plant. The fruits make fine jams and leathers and can be eaten raw.', 0, 1),
(20, 'Autumn olive', 'Elaeagnus umbellata', 2, 1, 4, 0, 0, 'Having a sweet and tart flavor, the berries can be eaten fresh or processed for jam, condiments, flavoring, or used as a substitute for tomato.', 0, 1),
(21, 'Snowbell Tree', 'Halesia carolina ', 2, 1, 4, 1, 0, 'The fruits of this tree have a cucumber/pea-like flavour; great in salads or pickles.', 0, 1),
(22, 'Mulberries', 'Morus', 2, 1, 3, 1, 0, 'As the fruit matures, mulberries change in texture and color, becoming succulent, plump, and juicy, resembling a blackberry.', 0, 1),
(23, 'Cherry plum, Mirabelle', 'Prunus cerasifera', 2, 1, 4, 0, 0, 'Cultivated cherry plums can have fruits, foliage, and flowers in any of several colours. Some varieties have sweet fruits that can be eaten fresh, while others are sour and better for making jam.', 0, 1),
(24, 'Blackthorn', 'Prunus spinosa', 2, 1, 3, 0, 0, 'The fruit is similar to a small damson or plum, suitable for preserves, but rather tart and astringent for eating, unless it is picked after the first few days of autumn frost. This effect can be reproduced by freezing harvested sloes.', 0, 1),
(25, 'European Elder', 'Sambucus nigra ', 3, 1, 3, 0, 0, 'The berries are edible after cooking and may be used to make jam, jelly, chutney, and Pontack sauce.', 0, 1),
(26, 'Rowans, Whitebeams and Service trees', 'Sorbus ', 2, 1, 3, 0, 0, 'Many species of Sorbus have edible fruits. Fruits are eaten raw, processed or cooked.', 0, 1),
(27, 'Monkey puzzle', 'Araucacia araucana', 1, 1, 2, 0, 0, 'Its seeds are edible, similar to large pine nuts, and are harvested by indigenous peoples in Argentina and Chile. The nuts are eaten boiled or roasted', 0, 1),
(28, 'Siberian pea tree', 'Caragana arborescens', 1, 1, 2, 0, 0, 'The seeds are edible, but should be cooked before being eaten.  The flowers are also edible, and can be used in salads. ', 0, 1),
(29, 'Hickories / pecan', 'Carya', 2, 1, 2, 0, 0, 'A number of hickory species are used for products like edible nuts or wood. The nuts are eaten cooked or raw.', 0, 1),
(30, 'Chestnuts', 'Castenea', 2, 1, 4, 0, 0, 'The fruit can be peeled and eaten raw, but it can be somewhat astringent, especially if the pellicle is not removed.Another method of eating the fruit involves roasting, which does not require peeling. Once cooked, its texture is slightly similar to that of a baked potato, with a delicate, sweet, and nutty flavour.', 0, 1),
(31, 'Hazel', 'Corylus ', 2, 1, 3, 1, 0, 'Hazelnuts are used in confections to make pralines, chocolate truffles, and hazelnut paste products. ', 0, 1),
(32, 'Maidenhair tree', 'Ginkgo', 2, 1, 1, 0, 0, 'The nut-like gametophytes inside the seeds are particularly esteemed in Asia, and are a traditional Chinese food. Ginkgo nuts are used in congee, and are often served at special occasions such as weddings and the Chinese New Year.', 0, 1),
(33, 'Heartnuts', 'Juglans ailantifolia', 2, 1, 3, 0, 0, 'The edible nuts have an oily texture. The husks are also used to make a yellowish dye. The very bold, decorative leaves and the attractive catkins produced in spring make it an excellent ornamental tree.', 0, 1),
(34, 'Black walnuts', 'Juglans nigra', 2, 1, 2, 0, 0, 'Black walnut nuts are edible. The nutmeats provide a robust, distinctive, natural flavor and crunch as a food ingredient. Popular uses include ice cream, bakery goods and confections.', 0, 1),
(35, 'Walnuts', 'Juglans regia', 2, 1, 3, 0, 0, 'It is the origin of cultivated varieties which produce the edible walnut, consumed around the world.', 0, 1),
(36, 'Pines', 'Pinus', 1, 1, 2, 0, 0, 'Some species have large seeds, called pine nuts, that are harvested and sold for cooking and baking. They are an essential ingredient of pesto alla genovese. ', 0, 1),
(37, 'Almond', 'Prunus dulcis', 1, 1, 2, 1, 0, 'While the almond is often eaten on its own, raw or toasted, it is also a component of various dishes.', 0, 1),
(38, 'Oaks', 'Quercus ', 3, 1, 2, 0, 0, 'Acorns are edible by humans, after leaching of the tannins. Oak wood chips are also used for smoking fish, meat, cheeses, and other foods. ', 0, 1),
(39, 'Limes / Lindens', 'Tilia', 4, 1, 4, 1, 0, 'Usually, the double-flowered species are used to make perfumes. The leaf buds and young leaves are also edible raw. Can be used to make salads and pesto.', 0, 1),
(40, 'Chinese cedar', 'Toona sinensis', 1, 1, 2, 0, 0, 'The young leaves are extensively used as a vegetable in China; they have a floral, yet onion-like flavo. Plants with red young leaves are considered of better flavour than those where the young leaves are green.', 0, 1),
(41, 'Bay', 'Laurus nobilis', 4, 1, 4, 1, 0, 'They are typically removed from dishes before serving. Oil from the seed can be used to make soap.', 0, 1),
(42, 'Pepper trees', 'Zanthoxylum', 2, 1, 4, 1, 0, 'The fruit of several species is used to make the spice Sichuan pepper.', 0, 1),
(43, 'Maples and birches', 'Acer and Betula', 2, 1, 3, 0, 0, 'Maple trees may be tapped for sap to manufacture maple syrup. The sap is sent via tubing to a sugar house where it is boiled to produce syrup or made into maple sugar or maple taffy. It takes about 40 litres of sugar maple sap to make 1 litre of syrup.', 0, 1),
(44, 'Sumachs', 'Rhus', 2, 1, 3, 0, 0, 'The dried fruits of some species are ground to produce a tangy, crimson spice popular in many countries. Fruits are also used to make a traditional \'pink lemonade\' beverage.', 0, 1),
(45, 'Eucalyptus', 'Eucalyptus', 1, 1, 2, 0, 0, 'Fast-growing source of wood, producing oil that can be used for cleaning and as a natural insecticide. Eucalyptus oil can be used for cleaning, as an antiseptic and in very small quantities in food supplements, especially sweets, cough drops, toothpaste and decongestants.', 0, 1),
(46, 'Wattles', 'Acacia', 1, 1, 2, 0, 0, 'Aboriginal Australians have traditionally harvested the seeds of some species, to be ground into flour and eaten as a paste or baked into a cake. The seeds contain as much as 25% more protein than common cereals, and they store well for long periods due to the hard seed coats.', 0, 1),
(47, 'Alders', 'Alnus', 2, 1, 4, 0, 0, 'Because of its abundance, red alder delivers large amounts of nitrogen to enrich forest soils. Red alder stands have been found to supply between 130 to 320 kilograms per hectare of nitrogen annually to the soil.', 0, 1),
(48, 'Siberian pea tree', 'Caragana arborescens', 1, 1, 2, 1, 1, 'Can be used to neutralize soil to prepare for further planting. As a legume, C. arborescens fixes nitrogen. It is suitable for planting in single-row field windbreaks where a dense, short barrier is desired. ', 0, 1),
(49, 'Redbuds / Judas tree', 'Cercis', 1, 1, 2, 0, 1, 'Cercis is a genus of about 10 species in the subfamily Cercidoideae of the pea family Fabaceae, native to warm temperate regions. It contains small deciduous trees or large shrubs commonly known as redbuds.', 0, 1),
(50, 'Elaeagnus', 'Elaeagnus', 2, 1, 4, 0, 1, 'The alternate leaves and the shoots are usually covered with tiny silvery to brownish scales, giving the plants a whitish to grey-brown colour from a distance. Many Elaeagnus species harbor nitrogen-fixing organisms in their roots, so are able to grow well in low-nitrogen soils.', 0, 1),
(51, 'Sea Buckthorns', 'Hippophae', 2, 1, 4, 0, 1, 'Sea buckthorn berries are edible and nutritious, though astringent, sour, and oily unless \'bletted\' (frosted to reduce the astringency) and/or mixed as a drink with sweeter substances such as apple or grape juice.', 0, 1),
(52, 'Amur Maackia ', 'Maackia amurensis', 1, 1, 2, 0, 1, 'Amur maackia tolerates severe dryness, cold and heavy soils. More interesting than the summer flowers are the unfolding buds in spring which appear silvery and showy like flowers with frost on them. ', 0, 1),
(53, 'Bayberries / Wax myrtles', 'Myrica ', 2, 1, 4, 1, 1, 'The species vary from 1 m shrubs up to 20 m trees; some are deciduous, but the majority of species are evergreen. The roots have nitrogen-fixing bacteria which enable the plants to grow on soils that are very poor in nitrogen content. ', 0, 1),
(54, 'Black Locust / False Acacia', 'Robinia pseudoacacia', 2, 1, 3, 0, 1, 'Black locust has nitrogen-fixing bacteria on its root system, so it can grow on poor soils and is an early colonizer of disturbed areas. With fertilizer prices rising, the importance of black locust as a nitrogen-fixing species is also important. ', 0, 1),
(55, 'Buffalo berries', 'Shepherdia argentea', 2, 1, 1, 0, 1, 'Like the Canada buffaloberry, Sheperdia argentea has been used historically as a food, medicine, and dye.', 0, 1),
(56, 'Jostaberry', 'Ribes x culverwelli', 3, 1, 4, 1, 0, 'The nearly black berry, which is smaller than a gooseberry and a bit larger than a blackcurrant, is edible both raw and cooked. It is described as having a taste intermediate between a gooseberry and a blackcurrant.', 0, 2),
(57, 'Worcesterberry', 'Ribes divaricatum', 3, 1, 4, 1, 0, 'The fruit was food for a number of Native American groups of the Pacific Northwest, and other parts of the plant, especially the bark, was used for medicinal purposes.', 0, 2),
(58, 'Blackcurrant', 'Ribes nigrum', 2, 1, 4, 1, 0, 'The fruit of blackcurrants when eaten raw has a strong, tart flavour. It can be made into jams and jellies which set readily because of the fruit\'s high content of pectin and acid.', 0, 2),
(59, 'Redcurrant / Whitecurrant', 'Ribes rubrum', 4, 1, 4, 1, 0, 'In the United Kingdom, redcurrant jelly is a condiment often served with lamb, game meat including venison, turkey and goose in a festive or Sunday roast.', 0, 2),
(60, 'Gooseberry', 'Ribes uva-crispa', 3, 1, 4, 1, 0, 'Gooseberries are edible and can be eaten raw, or cooked as an ingredient in desserts, such as pies, fools and crumbles. Early pickings are generally sour and more appropriate for culinary use.', 0, 2),
(61, 'Blackberry', 'Rubus fruticosus', 4, 1, 4, 1, 0, 'The ripe fruit is commonly used in desserts, jams, jelly, wine and liqueurs. It may be mixed with other berries and fruits for pies and crumbles. Blackberries are also used to produce candy. ', 0, 2),
(62, 'Raspberry', 'Rubus idaeus', 3, 1, 4, 1, 0, 'The raspberry is the edible fruit of a multitude of plant species in the genus Rubus of the rose family, most of which are in the subgenus Idaeobatus. ', 0, 2),
(63, 'Japanese wineberry', 'Rubus phoenicolasius', 3, 1, 4, 1, 0, 'Sweet and tart with a raspberry-like flavor, wineberries are used similarly to raspberries to make pastries, such as pie or other sweet treats.', 0, 2),
(64, 'Northern blueberries', 'Vaccinium australe and V. corymbosum', 2, 1, 4, 1, 0, 'Blueberries may be cultivated, or they may be picked from semiwild or wild bushes. In North America, the most common cultivated species is V. corymbosum, the northern highbush blueberry.', 0, 2),
(65, 'Southern blueberries', 'Vaccinium ashei and V. darrowii', 2, 1, 4, 1, 0, 'The species Vaccinium darrowii is grown both for its edible berries, and for horticultural uses as an ornamental plant in home gardens, native plant and wildlife gardens', 0, 2),
(66, 'Saskatoon', 'Amelanchier alnifolia ', 2, 1, 3, 1, 0, 'With a sweet, nutty taste, the fruits have long been eaten by Indigenous peoples in Canada, fresh or dried. Saskatoons are adaptable to most soil types with exception of poorly drained or heavy clay soils lacking organic matter.', 0, 2),
(67, 'Chokeberries / Aronia berries', 'Aronia arbutifolia and A. melanocarpa ', 3, 1, 4, 0, 0, 'Juice from the ripe berries is astringent, semi-sweet (moderate sugar content), sour (low pH), and contains a low level of vitamin C. The berries have a tart flavor and, in addition to juice, can be baked into breads.', 0, 2),
(68, 'Barberries ', 'Berberis', 3, 1, 3, 0, 0, 'Berberis vulgaris grows in the wild in much of Europe and West Asia. It produces large crops of edible berries, rich in vitamin C, but with a sharp acid flavour. In Europe for many centuries the berries were used for culinary purposes much as citrus peel is used.', 0, 2),
(69, 'Plum yews ', 'Cephalotaxus ', 4, 2, 4, 0, 0, 'Berberis, commonly known as barberry, is a large genus of deciduous and evergreen shrubs from 1 to 5 m tall, found throughout temperate and subtropical regions of the world (apart from Australia).', 0, 2),
(70, 'Flowering quinces', 'Chaenomeles', 3, 1, 4, 1, 0, 'The fruits are suitable for making liqueurs, as well as marmalade and preserves, as they contain more pectin than apples and true quinces.', 0, 2),
(71, 'Goumi', 'Elaeagnus multiflora', 3, 1, 4, 1, 1, 'The fruit is a round to oval drupe. When ripe in mid- to late summer, the fruit is juicy and edible, with a sweet but astringent taste somewhat similar to that of rhubarb.', 0, 2),
(72, 'Fuschias', 'Fuschia ', 2, 1, 3, 1, 0, 'The fruit of the berry of F. splendens is reportedly among the best-tasting. Its flavor is reminiscent of citrus and black pepper, and it can be made into jam. ', 0, 2),
(73, 'Salal / Shallon', 'Gaultheria shallon', 4, 1, 4, 0, 0, 'The dark blue berries and young leaves of G. shallon are both edible and are efficient appetite suppressants, both with a unique flavor.', 0, 2),
(74, 'Juniper', 'Juniperius communis', 2, 1, 2, 0, 0, 'Its astringent blue-black seed cones, commonly known as \"juniper berries\", are too bitter to eat raw and are usually sold dried and used to flavour meats, sauces, and stuffings. They are generally crushed before use to release their flavour. The cones are used to flavour certain beers and gin ', 0, 2),
(75, 'Blue honeysuckle / Honeyberry', 'Lonicera caerulea ', 3, 1, 2, 0, 0, 'Honeysuckle can be used in various processed products, such as pastries, jams, juice, ice cream, yogurt, sauces, candies and a wine similar in color and flavor to red grape or cherry wine.', 0, 2),
(76, 'Goji Berry', 'Lycium barbarum', 3, 1, 3, 0, 0, 'Since the early 21st century, the dried fruit, occasionally compared to raisins, has been marketed as a health food, with unsupported health claims about its benefits.', 0, 2),
(77, 'Oregon Grapes', 'Mahonia aquifolium', 4, 1, 3, 0, 0, 'Oregon-grape juice can be fermented to make wine, similar to European barberry wine folk traditions, although it requires an unusually high amount of sugar. The berries can also be eaten raw after the season\'s first frosts.', 0, 2),
(78, 'Chilean guava', 'Myrtus ugni', 2, 1, 2, 0, 0, 'It was first described by Juan Ignacio Molina (hence its name) in 1782. It was introduced to England in 1844 by the botanist and plant collector William Lobb, where it became a favorite fruit of Queen Victoria.', 0, 2),
(79, 'Trifoliate orange', 'Poncirus trifoliata', 2, 1, 2, 0, 0, 'The fruits are very bitter, due in part to their poncirin content. Most people consider them inedible fresh, but they can be made into marmalade. When dried and powdered, they can be used as a condiment. ', 0, 2),
(80, 'Nanking cherry', 'Prunus tomentasa', 2, 1, 2, 0, 0, 'The fruit is edible, being an ingredient of juice, jam, and wine, and in pickled vegetables and mushrooms. It is also grown as an ornamental plant and prized for its flowers ', 0, 2),
(81, 'Buffalo currant', 'Ribes odoratum', 2, 1, 3, 0, 0, 'The berries are edible but bitter.The berries were used for food, and other plant parts for medicine, by various Native American groups across its range in North America.', 0, 2),
(82, 'Roses', 'Rosa', 2, 1, 4, 1, 0, 'Rose hips are high in vitamin C, are edible raw, and occasionally made into jam, jelly, marmalade, and soup, or are brewed for tea. They are also pressed and filtered to make rose hip syrup.', 0, 2),
(83, 'Red Elder', 'Sambucus racemosa', 3, 1, 3, 0, 0, 'The fruits are reportedly safe to eat when cooked, but are potentially poisonous when raw.', 0, 2),
(84, 'Caucasian whortlberry', 'Vaccinium arctostaphylos', 3, 1, 4, 0, 0, 'Vaccinium arctostaphylos or Caucasian whortleberry is a species of shrub with edible fruit of blue color. ', 0, 2),
(85, 'Highbush cranberry', 'Viburnum opulus var. americanum', 3, 1, 3, 0, 0, 'The fruit is edible in small quantities, with a very acidic taste; it can be used to make jelly. It is however mildly toxic, and may cause vomiting or diarrhea if eaten in large amounts.', 0, 2),
(86, 'Chinkapin', 'Castanea pumila', 3, 1, 2, 0, 0, 'The fruit is a golden-colored cupule 2 to 3 cm in diameter with many sharp spines, maturing in autumn. Each cupule contains one ovoid shiny dark brown nut that is edible.', 0, 2),
(87, 'European Bladdernut', 'Staphylea pinnata', 3, 1, 2, 0, 0, 'The flowers are bisexual and pollinated by flies. The fruits are inflated papery capsules, 2-3 lobed, up to 4 cm long, ripening from September to November. The seeds are edible, and are said to taste like pistachios.', 0, 2),
(88, 'Yellowhorn', 'Xanthoceras sorbifolium', 2, 1, 2, 0, 0, 'The fruit is an oval leathery capsule 5 to 6 cm diameter, the seeds are black, 1.5 cm in diameter, resembling a small horse chestnut seed. The leaves, flowers, and seeds of yellowhorn are all edible.', 0, 2),
(89, 'Four-wing saltbush', 'Atriplex canescens', 1, 1, 2, 0, 0, 'Among the Zuni people, an infusion of dried root and blossoms[1] or a poultice of blossoms is used for ant bites. The leaves are edible and can be used in salads', 0, 2),
(90, 'Beech', 'Fagus sylvatica', 4, 1, 4, 1, 0, 'The nuts are eaten by humans and animals. Slightly toxic to humans if eaten in large quantities. Young leaves can be used in salads', 0, 2),
(91, 'American Allspice', 'Calycanthus', 2, 1, 3, 0, 0, 'The leaves are opposite and undivided. The plants are aromatic. Dry bark can replace cinnamon', 0, 2),
(92, 'Mountain pepper', 'Drimys lanceolata', 3, 1, 2, 0, 0, 'The leaf and berry are used as a spice, typically dried. Tasmanian pepperberry was used as a colonial pepper substitute. More recently, it has become popularised as a bushfood condiment. It can be added to curries, cheeses, and alcoholic beverages.', 0, 2),
(93, 'Bog myrtle / Nothern bayberry', 'Myrica gale', 2, 1, 4, 1, 1, 'The leaves can be dried to make tea, and both the nutlets and dried leaves can be used to make a seasoning.', 0, 2),
(94, 'Myrtle', 'Myrtus communis', 1, 1, 1, 0, 1, 'The flowers are white or tinged with pink, with five petals and many stamens that protrude from the flower. The fruit is an edible berry, blue-black when ripe.', 0, 2),
(95, 'Rosemary', 'Rosmarinus officinalis', 1, 1, 2, 0, 0, 'Rosemary leaves are used as a flavoring in foods, such as stuffing and roast lamb, pork, chicken, and turkey. Fresh or dried leaves are used in traditional Mediterranean cuisine.', 0, 2),
(96, 'Sage', 'Salvia officinalis', 2, 1, 3, 1, 0, 'In Britain, sage has for generations been listed as one of the essential herbs, along with parsley, rosemary, and thyme. It has a savory, slightly peppery flavor. ', 0, 2),
(97, 'Chaste tree', 'Vitex agnus-castus', 1, 1, 1, 0, 0, 'Leaves are opposite, usually compound. The fruit is a drupe', 0, 2),
(98, 'Japanese pepper', 'Zanthoxylum piperitum', 2, 1, 4, 1, 0, 'The Japanese pepper is closely related to the Sichuan pepper of China. Young leaves and shoots herald the spring season, and often garnish grilled fish and soups. They have a distinctive flavor which is not to the liking of everyone.', 0, 2),
(99, 'Bamboos', 'Bamboo', 3, 1, 4, 1, 0, 'The bamboo shoot in its fermented state forms an important ingredient in cuisines across the Himalayas.', 0, 2),
(100, 'New jersey tree', 'Ceanothus americanus', 2, 1, 4, 0, 0, 'New Jersey tea was a name coined during the American Revolution, because its leaves were used as a substitute for imported tea.', 0, 2),
(101, 'Lemonade bush', 'Rhus aromatica', 2, 1, 3, 0, 0, 'Leaves and stems emit a lemon scent when crushed. Fruits can be used to make drinks', 0, 2),
(102, 'Amercian elder', 'Sambucus canadensis', 3, 1, 4, 1, 0, 'The flower, known as elderflower, is edible, as well as the ripe berries. Uses for the fruit include wine, jelly and dye. Leaves and inner bark can be used as an insecticide and a dye.', 0, 2),
(103, 'Fever bush / Quinine bush', 'Garrya alliptica / G. fremontii', 3, 1, 2, 0, 0, 'The leaves, and sometimes the bark of the plant can be used as a febrifuge (to reduce fever)', 0, 2),
(104, 'Lavender', 'Lanvandula', 1, 1, 2, 0, 0, 'Lavender buds are put into sugar for two weeks to allow the essential oils and fragrance to transfer; then the sugar itself is used in baking. Lavender can be used in breads where recipes call for rosemary. ', 0, 2),
(105, 'Cabbage palm', 'Cordyline australis', 2, 1, 2, 0, 0, 'In traditional times, Maori had a rich knowledge of the cabbage tree, including spiritual, ecological and many practical aspects of its use. While much of that specialised knowledge was lost after the European settlement of New Zealand, the use of the tree as food and medicine has persisted, and the use of its fibres for weaving is becoming more common.', 0, 2),
(106, 'New zealand flax ', 'Phorminum tenax', 4, 1, 4, 1, 0, 'Long leaves are cut and spilt then used as twine', 0, 2),
(107, 'Red Osier', 'Cornus stolonifera', 4, 1, 3, 0, 0, 'Cornus sericea is frequently used for waterway bank erosion protection and restoration in the United States and Canada. Branches used for basketry', 0, 2),
(108, 'Willows', 'Salix ', 2, 1, 4, 0, 0, 'Thin or split willow rods can be woven into wicker, which also has a long history. The relatively pliable willow is less likely to split while being woven than many other woods, and can be bent around sharp corners in basketry. ', 0, 2),
(110, 'Snowberries', 'Symphoricarpos ', 4, 1, 3, 0, 0, 'The snowberry plant is known to be disinfectant, laxative, diuretic and has the ability to reduce fever. Young branches can be used for basketry', 0, 2),
(111, 'Broom', 'Cytisus scoparius', 3, 1, 4, 1, 1, 'Leaves and bark used for yelow and green dye', 0, 2),
(112, 'Dyers\'s greenweed', 'Genista tinctoria', 2, 1, 2, 0, 1, 'Leaves, flower and shoots are used for dying yellow and green', 0, 2),
(113, 'Mock orange', 'Philadelphus', 2, 1, 3, 0, 0, ' The leaves and bark, which contain saponins, are mixed in water for use as a mild soap.', 0, 2),
(114, 'Green alder', 'Alnus viridis', 3, 1, 4, 0, 1, 'Excellent actinorhizal nitrogen fixer for temperate climates', 0, 2),
(115, 'False indigo', 'Amorpha fruticosa', 2, 1, 4, 0, 1, 'Useful nitrogen fixer shrub, that offers lots of underplanting opportunities', 0, 2),
(116, 'Buch clover', 'Lespedeza bicolor', 2, 1, 3, 0, 1, 'Very good shrub legume for fixing nitrogen', 0, 2),
(117, 'Tree lupin', 'Lupinus arboreus', 2, 1, 2, 0, 1, 'Very good nitrogen fixer', 0, 2),
(118, 'Russet Buffalo Berry', 'Shepherdia canadensis', 2, 1, 1, 0, 1, 'Excellent nitrogen fixer for temperate climate', 0, 2),
(119, 'Creeping dogwood', 'Cornus canadensis', 4, 2, 2, 0, 0, 'The fruits are edible but rather tasteless.  The berries can be cooked and strained, and either combined with other fruits or used for pudding.', 2, 3),
(120, 'Strawberries', 'Fragaria', 3, 1, 4, 1, 0, 'In addition to being consumed fresh, strawberries can be frozen or made into jam or preserves, as well as dried and used in prepared foods, such as cereal bars.', 2, 3),
(121, 'Wintergreen', 'Gaultheria procumbens', 4, 2, 2, 0, 0, 'Native Americans brewed a tea from the leaves to alleviate rheumatic symptoms, headache, fever, sore throat, and various aches and pains.', 1, 3),
(122, 'Groundcover raspberry', 'Rubus', 3, 1, 3, 1, 0, 'Edible fruits, like small raspberries', 3, 3),
(123, 'Nepalese Raspberry', 'Rubus nepalensis', 5, 2, 4, 1, 0, 'Edible fruits, like small raspberries', 3, 3),
(124, 'Creeping bramble', 'Rubus pentalobus', 3, 1, 3, 1, 0, 'Edible fruits, like small raspberries', 2, 3),
(125, 'Chinese Bramble', 'Rubus tricolor', 5, 2, 4, 1, 0, 'Edible fruits, like small raspberries', 3, 3),
(126, 'American / European cranberry', 'Vaccinium marcrocarpon', 2, 1, 1, 0, 0, 'Edible fruits, like small raspberries', 0, 3),
(127, 'Lingonberry / cowberry', 'Vaccinium vitis-idaea', 2, 1, 2, 0, 0, 'The berries are quite tart, so they are often cooked and sweetened before eating in the form of lingonberry jam, compote, juice, smoothie or syrup.', 2, 3),
(128, 'Ground elder', 'Aegopodium podagraria', 4, 1, 2, 0, 0, 'The leaves can be eaten raw in salads or cooked in soups', 2, 3),
(129, 'Anise hyssop', 'Agastache foeniculum', 1, 1, 3, 0, 0, 'The leaves can be eaten raw in salads or cooked in soups', 0, 3),
(130, 'Babington\'s leek', 'Allium ampeloprasum', 2, 1, 4, 1, 0, ' The linear green leaves have a mild onion flavor and are eaten raw, either alone, or in food combinations.', 0, 3),
(131, 'Multiplier onions', 'Allium cepa aggregatum group', 2, 1, 3, 1, 0, 'Bulbs are like small onions, leaves are like spring onions', 0, 3),
(132, 'Egyptian onion', 'Allium cepa proliferum group', 2, 1, 4, 1, 0, 'Young plants may be used as scallions in the spring, and the bulblets may be used in cooking similarly to regular onions, or preserved by pickling.', 0, 3),
(133, 'Garlic chives', 'Allium tuberosum', 2, 1, 3, 0, 0, ' The flat leaves, the stalks, and immature, unopened flower buds are used as flavouring.', 0, 3),
(134, 'Ramsons / wild garlic', 'Allium ursinum', 4, 2, 4, 1, 0, 'The leaves of A. ursinum are edible; they can be used as salad, herb, boiled as a vegetable, in soup, or as an ingredient for a sauce that may be a substitute for pesto in lieu of basil. ', 2, 3),
(135, 'Marsh mallow', 'Althaea officinalis', 2, 1, 3, 0, 0, 'Leaves and flowers are edible raw, the roots raw or cooked', 1, 3),
(136, 'Wild angelica', 'Angelica sylvestris', 3, 1, 3, 0, 0, 'It was used as a vegetable until the 20th century. The plant can be stored. The stem was eaten fresh, and the leaves could be boiled to a stew for storage or cooked with milk. The plant has also been used for dyeing.', 3, 3),
(137, 'Columbine', 'Aquilegia vulgaris', 3, 2, 3, 0, 0, 'The flowers of various species of columbine were consumed in moderation by Native Americans as a condiment with other fresh greens, and are reported to be very sweet, and safe if consumed in small quantities.', 0, 3),
(138, 'Asparagus', 'Aspargus officinalis', 1, 1, 2, 0, 0, 'Only young asparagus shoots are commonly eaten: once the buds start to open', 0, 3),
(139, 'Yellow asphodel', 'Asphodeline lutea', 2, 1, 2, 0, 0, 'Edible shoots, flowers and roots', 0, 3),
(140, 'Sea beet', 'Beta vulgaris', 2, 1, 3, 1, 0, 'The sea beet is the wild ancestor of common vegetables such as beetroot, sugar beet, and Swiss chard. Its leaves have a pleasant texture and taste, being good served raw or cooked, and because of this, it is also known as wild spinach.', 1, 3),
(141, 'Perennial Brocoli, Collard and Kale', 'Brassica oleracea', 2, 1, 1, 1, 0, 'The leaves and flowerheads are cooked and eaten as vegetables', 1, 3),
(142, 'Turkish rocket', 'Bunias orientalis', 2, 1, 4, 1, 0, 'Edible leaves and flowerheads', 1, 3),
(143, 'Pig nut', 'Bunium bulbocastanum', 2, 1, 3, 0, 0, 'Edible leaves, stems, seeds and roots', 2, 3),
(144, 'Bellflowers / Harebells', 'Campanula', 2, 1, 2, 0, 0, 'Edible flowers, eaten in salads', 1, 3),
(145, 'Lady\'s smock', 'Cardamine pretensis', 3, 2, 2, 0, 0, 'Leaves and flowers can be eaten in salads', 0, 3),
(146, 'Red valerian', 'Centranthus ruber', 2, 1, 3, 1, 0, 'Young leaves are great in salads', 2, 3),
(147, 'Good king henry', 'Chenopodium bonus-henricus', 3, 1, 4, 1, 0, 'Edible leaves and stems, cooked', 1, 3),
(148, 'Golden saxifrage', 'Chrysosplenium oppositifolium', 4, 2, 4, 0, 0, 'Great in salads', 2, 3),
(149, 'Chicory', 'Cichorium intybus', 2, 1, 3, 1, 0, 'Chicory may be cultivated for its leaves, usually eaten raw as salad leaves.', 0, 3),
(150, 'Siberian purslane', 'Claytonia sibirica', 4, 2, 4, 1, 0, 'The aboveground portion of the plant can be eaten raw or cooked.', 2, 3),
(151, 'Sea kale', 'Crambe maritima', 2, 1, 2, 0, 0, 'Edible young leaves', 2, 3),
(152, 'Mitsuba / Japanese parsley', 'Cryptotaenia japonica', 2, 1, 3, 1, 0, 'Cryptotaenia japonica is raised as a seasoning (similar to angelica). Like parsley, the flavor is clean and refreshing with a slightly bitter taste which some describe as celery-like.', 0, 3),
(153, 'False  strawberry / Mock strawberry', 'Duchesnea indica', 4, 2, 4, 0, 0, 'Leaves and fruits can be added to salads', 2, 3),
(154, 'Rosebay willowherb / Fireweed', 'Epilobium angustifolium', 2, 1, 2, 0, 0, 'The very young shoots and leaves can be cooked and eaten. The leaves can also be used for tea.', 2, 3),
(155, 'Fennel', 'Foeniculum vulgare', 2, 1, 4, 1, 0, 'Dried fennel fruit is an aromatic, anise flavored spice, brown or green in color when fresh, slowly turning a dull grey as the fruit ages. For cooking, green fruits are optimal. The leaves are delicately flavored and similar in shape to those of dill. The bulb is a crisp vegetable that can be sauted, stewed, braised, grilled, or eaten raw. ', 0, 3),
(156, 'Ground ivy / Aleroot', 'Glechoma hederacea', 3, 2, 3, 0, 0, 'In the traditional Austrian medicine the herb has been prescribed for internal application as salad or tea for the treatment of a variety of different conditions including disorders associated with the liver and bile, gastrointestinal tract, respiratory tract, kidneys and urinary tract, fever, and flu.', 2, 3),
(157, 'Hostas', 'Hosta', 4, 2, 3, 1, 0, 'The curled leaf heads are mostly eaten cooked but can be used raw in salads', 2, 3),
(158, 'Lovage', 'Levisticum officinale ', 2, 1, 3, 0, 0, 'The leaves can be used in salads, or to make soup or season broths, and the roots can be eaten as a vegetable or grated for use in salads. Its flavour and smell are reminiscent both of celery and parsley, only more intense and spicy than those of either.', 0, 3),
(159, 'Mallows', 'Malva', 3, 1, 3, 1, 0, 'Edible leaves and flowers', 0, 3),
(160, 'Ostrich Fern', 'Matteuccia struthiopteris', 4, 2, 2, 0, 0, 'The tightly wound immature fronds, called fiddleheads, are used as a cooked vegetable', 2, 3),
(161, 'Lemon balm', 'Malissa officinalis', 3, 1, 3, 1, 0, 'Lemon balm is used as a flavouring in ice cream and herbal teas, often in combination with other herbs such as spearmint. It is a common addition to peppermint tea, mostly because of its complementing flavor.', 2, 3),
(162, 'Water mint', 'Mentha aquatica', 2, 1, 3, 0, 0, 'It can be used to make a herbal tea. The cultivated variety known as eau de Cologne mint or bergamot mint, is used to produce mentha citrata oil, also known as bergamot mint oil, used in perfumery.', 0, 3),
(163, 'Bowles\'s mint', 'Mentha Bowles\'s mint', 4, 1, 4, 1, 0, 'Leaves and stems are used for flavouring', 0, 3),
(164, 'Horse mint', 'Mentha longifolia', 3, 1, 4, 0, 0, 'Leaves and stems are used for flavouring', 3, 3),
(165, 'Peppermint', 'Mentha x piperita', 2, 1, 2, 1, 0, 'Leaves and stems are used for flavouring', 0, 3),
(166, 'Spearmint', 'Mentha spicata', 2, 1, 3, 0, 0, 'Leaves and stems are used for flavouring', 1, 3),
(167, 'Apple mint', 'Mentha suaveolens', 3, 1, 4, 0, 0, 'Leaves and stems are used for flavouring', 3, 3),
(168, 'Sweet cicely', 'Myrrhis odorata ', 3, 2, 4, 1, 0, 'Anise flavoured plant. All parts are edbile', 1, 3),
(169, 'Watercress', 'Nasturtium officinale', 2, 1, 2, 0, 0, 'Watercress leaves, stems, and fruit can be eaten raw.', 1, 3),
(170, 'Oregano', 'Origanum vulgare', 3, 1, 4, 1, 0, 'Oregano is a culinary herb, used for the flavour of its leaves, which can be more intense when dried than fresh. It has an earthy, warm, and slightly bitter taste, which can vary in intensity. ', 2, 3),
(171, 'Wood sorrel', 'Oxalis acetosella', 4, 2, 3, 0, 0, 'The leaves of common wood sorrel  may be used to make a lemony-tasting tea when dried. ', 1, 3),
(172, 'Redwood sorrel', 'Oxalis oregana', 4, 2, 3, 0, 0, 'The leaves of Oxalis oregana were eaten by the Cowlitz, Quileute and Quinault peoples. Like spinach, they contain mildly toxic oxalic acid, which is named after the genus. They are safe to eat in small amounts for those with no oxalate-related conditions.', 2, 3),
(173, 'Mountain sorrel', 'Oxyria digyna ', 2, 1, 4, 0, 0, 'The leaves of mountain sorrel have a sour or fresh acidic taste (due to oxalic acid) and are rich in vitamin C, containing about 36 mg/100 g. They can be eaten raw or cooked.', 0, 3),
(174, 'Garlic cress', 'Peltaria alliacea', 2, 1, 2, 0, 0, 'The plant is also grown as a herb or vegetable. The leaves can be used and add a spiciness to salads. ', 0, 3),
(175, 'Poke root / Pokeweed / Poke', 'Phytolacca americana', 3, 1, 4, 0, 0, 'Poke is a traditional southern Appalachian food. The leaves and stems of young plants can be eaten, but must be cooked by boiling two or more times with the water drained and replaced each time. The leaves taste similar to spinach; the stems, similar to asparagus.', 2, 3),
(176, 'Plantains', 'Plantago', 3, 1, 4, 0, 0, 'Young leaves can be eaten', 0, 3),
(177, 'Solomon\'s seals', 'Polygonatum', 4, 2, 4, 1, 0, 'The young shots are cooked as vegetables', 2, 3),
(178, 'French scorzonera', 'Reichardia picroides', 2, 1, 1, 0, 0, 'The leaves are used in salads', 0, 3),
(179, 'Sorrels', 'Rumex', 2, 1, 3, 1, 0, 'Leaves are edible raw, in salads or cooked', 0, 3),
(180, 'Salad burnet', 'Sanguisorba minor', 2, 1, 2, 0, 0, 'Young burnet leaves are used as an ingredient in salads, dressings, sauces, summer drinks and in claret. It is also used to flavour vinegar, butter, and cream cheese.', 0, 3),
(181, 'Scorzonera', 'Scorzonera hispanica', 2, 1, 2, 0, 0, 'Various parts of the Black Salsify plant can be consumed, including roots, leafy shoots, and open flowers, either cooked or raw.', 0, 3),
(182, 'Ice plant / Orphine', 'Sedum spectabile / S. telephium', 2, 1, 3, 1, 0, 'The very young leaves can be eaten raw, and both the young leaves and firm tubers can be cooked.', 2, 3),
(183, 'False spikenard / False solomon\'s seal', 'Smilacina racemosa', 4, 2, 3, 0, 0, 'The plant becomes fibrous and bitter after it completes flowering and seed setting stages but the young shoots, while still tender and stripped of their leaves, can be simmered in water and eaten. Their delicate flavor is somewhat reminiscent of asparagus', 1, 3),
(184, 'Lesser stitchwort', 'Stellaria graminea', 3, 2, 3, 0, 0, 'Shoots can be used to make salads or slighly cooked as vegetables', 1, 3),
(185, 'Dandelion', 'Taraxacum officinale', 2, 1, 3, 0, 0, 'Very good mineral accumulator. The entire plant, including the leaves, stems, flowers, and roots, is edible and nutritious, with nutrients such as vitamins A and K as well as calcium and iron.', 1, 3),
(186, 'Stingin nettle', 'Urtica dioica', 3, 1, 4, 0, 0, 'U. dioica has a flavour similar to spinach mixed with cucumber when cooked, and is rich in vitamins A and C, iron, potassium, manganese, and calcium. ', 2, 3),
(187, 'Violets', 'Viola', 3, 2, 2, 1, 0, 'When newly opened, Viola flowers may be used to decorate salads or in stuffings for poultry or fish. Souffles, cream, and similar desserts can be flavoured with essence of Viola flowers. The young leaves are edible raw or cooked as a somewhat bland leaf vegetable.', 2, 3),
(188, 'Horseradish', 'Armoracia rusticana', 2, 1, 3, 0, 0, 'Horseradish sauce made from grated horseradish root and vinegar is a common condiment in the United Kingdom and in Poland.', 2, 3),
(189, 'Quamash', 'Camassia quamash', 2, 1, 1, 0, 0, 'The bulbs of Camassia species are edible and nutritious when roasted or boiled', 0, 3),
(190, 'Cardoon / Globe artichoke', 'Cynara cardunculus', 2, 1, 2, 1, 0, 'While the flower buds can be eaten much as small (and spiny) artichokes, more often the stems are eaten after being braised in cooking liquid. ', 2, 3),
(191, 'Meadowsweet', 'Filipendum ulmaria', 3, 1, 3, 0, 0, 'The whole herb possesses a pleasant taste and flavour, the green parts having a similar aromatic character to the flowers, leading to the use of the plant as a strewing herb, strewn on floors to give the rooms a pleasant aroma, and its use to flavour wine, beer, and many kinds of vinegar. ', 1, 3),
(192, 'Russian & Common liquorice', 'Glycyrrhiza echinata / G. glabra', 2, 1, 3, 0, 0, 'Roots of liquorice have well known edible and medicinal uses', 0, 3),
(193, 'Day lilies', 'Hemerocallis', 2, 1, 3, 1, 0, 'The flowers of Hemerocallis citrina are edible and are used in Chinese cuisine', 2, 3),
(194, 'Giant butternut / Fuki / Sweet coltsfoot', 'Petasites japonicus', 4, 2, 4, 0, 0, 'The traditional preparation method for this vegetable involves pre-treating with ash or baking soda and soaking in water to remove harshnessess. The shoot can be chopped and stir fried with miso to make fuki-miso which is eaten as a relish thinly spread over hot rice at meals. ', 2, 3),
(195, 'Silverweed', 'Potentilla anserina', 2, 1, 3, 0, 0, 'Storage roots are eaten raw or cooked', 2, 3),
(196, 'Rhubarbs', 'Rheum', 4, 1, 4, 1, 0, 'Commonly, it is stewed with sugar or used in pies and desserts, but it can also be put into savoury dishes or pickled. Rhubarb can be dehydrated and infused with fruit juice.', 3, 3),
(197, 'Skirret', 'Sium sisarum', 2, 1, 3, 0, 0, 'The roots are scrubbed, cut into lengths, boiled, and served like parsnips or carrots. Skirret roots can be stewed, baked, roasted, fried in batter as fritter, or creamed, and also be grated and used raw in salads.', 0, 3),
(198, 'Chinese artichoke', 'Stachys affinis', 2, 1, 2, 1, 0, 'The tubers have a crunchy texture and a sweet, nutty flavour. They can be eaten raw, pickled, dried or cooked. A wide range of uses for this vegetable leads to various dishes in the cuisine of many countries.', 0, 3),
(199, 'Coneflowers', 'Echinacea angustifolia & E. purpurea', 2, 1, 2, 0, 0, 'Echinacea has long been used as a traditional medicine.', 0, 3),
(200, 'Goldenseal', 'Hydrastis canadensis', 4, 2, 2, 0, 0, 'Used as a yellow dye, astringent, and insect repellent.', 0, 3),
(201, 'St john\'s wort', 'Hypericum perforatum', 3, 1, 3, 0, 0, 'Used as an antidepressant and astringent', 0, 3),
(202, 'Goldenrods', 'Solidago canadensis & S. virgaurea', 2, 1, 3, 0, 0, 'Well known medicinal plant used in herbal medicine. Anti-inflammatory and antibiotic', 2, 3),
(203, 'Ginseng', 'Panax ginseng', 4, 2, 1, 0, 0, 'Well known medicinal plant used in herbal medicine as an Adaptogen', 0, 3),
(204, 'Feverfew', 'Tanacetum parthenium', 2, 1, 3, 0, 0, 'In traditional medicine, feverfew has been used to treat headache', 1, 3),
(205, 'Milk vetch', 'Astragalus glycyphyllos', 2, 1, 3, 0, 1, 'Useful nitrogen fixing plant', 0, 3),
(206, 'Bird\'s foot trefoil', 'Lotus corniculatus', 2, 1, 3, 1, 0, 'Useful nitrogen fixing plant', 2, 3),
(207, 'Greater bird\'s foot trefoil', 'Lotus uliginosus', 2, 1, 3, 0, 0, 'Useful nitrogen fixing plant', 2, 3),
(208, 'Wild lupin', 'Lupinus perennis', 2, 1, 4, 0, 0, 'Useful nitrogen fixing plant', 2, 3),
(209, 'Lungwort', 'Pulmonaria officinalis', 4, 2, 4, 0, 0, 'Good for mineral accumulation', 2, 3),
(210, 'Comfreys', 'Symphytum', 3, 1, 4, 1, 0, 'Good for mineral accumulation such as potassium', 3, 3),
(211, 'Red clover', 'Trifolium pratense', 2, 1, 3, 0, 0, 'Useful nitrogen fixing plant. Good for bees too', 2, 3),
(212, 'White clover', 'Trifolium repens', 3, 1, 3, 1, 0, 'Useful nitrogen fixing plant. Good for bees too', 2, 3),
(213, 'Valerian', 'Valeriana officinalis', 2, 1, 3, 0, 0, 'Valerian is a common traditional medicine used for treating insomnia', 1, 3),
(214, 'Bear\'s breech', 'Acanthus mollis', 3, 1, 2, 0, 0, 'Good bee plant', 2, 3),
(215, 'Bugle', 'Ajuga reptans', 4, 1, 2, 0, 0, 'Good plant for bees and butterfly', 2, 3),
(216, 'Lady\'s mantle', 'Alchemilla mollis', 4, 2, 3, 0, 0, 'Great ground-cover plant', 2, 3),
(217, 'Asarabacca / wild ginger', 'Asarum europaeum', 5, 3, 3, 0, 0, 'Great ground-cover plant', 2, 3),
(218, 'Golden Star', 'Chrysogonum virginianum', 3, 2, 4, 0, 0, 'Great ground-cover plant', 2, 3),
(219, 'Rock cranesbill', 'Geranium macrorrhizum', 4, 2, 2, 0, 0, 'Used as a base layer for soil protection', 2, 3),
(220, 'Wand flower', 'Galax urceola', 4, 2, 2, 0, 0, 'Used as a base layer for soil protection', 2, 3),
(221, 'Alum root / Coral flowers', 'Heuchera ', 4, 2, 3, 0, 0, 'Roots are used as a mordant in dyeing', 2, 3),
(222, 'Creeping jenny', 'Lysimachia nummularia', 3, 2, 2, 0, 0, 'Used as a base layer for soil protection', 2, 3),
(223, 'Partridge berry', 'Mitchella repens', 4, 2, 2, 0, 0, 'Very good base layer perennial plant', 2, 3),
(224, 'Bloodroot', 'Sanguinaria canadensis', 4, 2, 2, 0, 0, 'Used to make red dye', 2, 3),
(225, 'Soapwort', 'Saponaria officinalis', 2, 1, 3, 0, 0, 'Used as a soap source', 1, 3),
(226, 'Foam flower', 'Tiarella cordifolia', 4, 2, 2, 0, 0, 'Attracts beneficial insects', 2, 3),
(227, 'Periwinkles', 'Vinca major & V. minor', 5, 2, 4, 0, 0, 'Godd bee plant.', 3, 3),
(228, 'Barren Strawberry', 'Waldsteinia ternata', 4, 2, 3, 0, 0, 'Used as a base layer for soil protection. Good bee plant', 2, 3),
(229, 'Garlic mustard / Jack-by-the-hedge', 'Alliaria petiolata', 3, 2, 3, 1, 0, 'Chopped leaves are used for flavouring in salads and sauces such as pesto, and sometimes the flowers and fruit are included as well. The leaves, best when young, taste of both garlic and mustard.', 1, 4),
(230, 'Hog peanut', 'Amphicarpaea bracteata', 3, 2, 3, 1, 0, 'Seeds are edible. Nitrogen-fixer', 1, 4),
(231, 'Burdocks', 'Arctium lappa & A. minus', 3, 2, 3, 1, 0, 'The taproot of young burdock plants can be harvested and eaten as a root vegetable.', 2, 4),
(232, 'Land cress', 'Barbarea verna', 3, 1, 3, 1, 0, 'Land cress is considered a satisfactory substitute for watercress. It can be used in sandwiches, or salads, or cooked like spinach, or used in soup', 0, 4),
(233, 'Spinach beet / Swiss chard', 'Beta vulgaris', 3, 1, 3, 1, 0, 'Fresh chard can be used raw in salads, stirfries, soups or omelets. The raw leaves can be used like a tortilla wrap.', 2, 4),
(234, 'Pot marigold', 'Calendula officinalis', 3, 1, 4, 1, 0, 'Pot marigold florets are edible. They are often used to add color to salads or added to dishes as a garnish and in lieu of saffron. The leaves are edible but are often not palatable. They have a history of use as a potherb and in salads. The plant is also used to make tea.', 2, 4),
(235, 'Rampion', 'Campanula rapunculus', 3, 1, 3, 1, 0, 'Used mainly as a root crop', 1, 4),
(236, 'Wavy bittercress / Hairy Bittercress', 'Cardamine flexuosa', 2, 1, 3, 1, 0, 'Leaves are good in salads. They have a mustardy flavour', 0, 4),
(237, 'Winter purslane / Miner\'s lettuce', 'Claytonia perfoliata', 3, 1, 3, 1, 0, 'The common name of miner\'s lettuce refers to how the plant was used by miners during the California Gold Rush, who ate it to prevent scurvy. It is in season in April and May, and can be eaten as a leaf vegetable.', 2, 4),
(238, 'Sweet pea', 'Lathyrus odoratus', 2, 1, 3, 1, 0, 'Nitrogen Fixer', 0, 4),
(239, 'Honesty', 'Lunaria annua', 2, 1, 3, 1, 0, 'The leaves, flowers and taproots are edible', 1, 4),
(240, 'Small Mallow / Chinese Mallow', 'Malva pusilla / verticillata', 3, 1, 2, 1, 0, 'Leaves and flowers are good in salads', 1, 4),
(241, 'Black medick', 'Madicago lupulina', 2, 1, 3, 1, 0, 'Good nitrogen fixer. Sprouted seeds are also edible', 2, 4),
(242, 'Oca', 'Oxalis tuberosa', 1, 1, 1, 1, 0, 'Tubers are good for eating raw or cooked', 2, 4),
(243, 'Hedge Mustard', 'Sisymbrium officinale', 3, 2, 3, 1, 0, 'The leaves have a bitter cabbage-like flavour and they are used either in salads or cooked as a leaf vegetable (in cultivar versions). The seeds have been used to make mustard pastes in Europe', 1, 4),
(244, 'Yacon', 'Smallianthus sonchifolia', 2, 1, 2, 1, 0, 'The tubers can be eaten raw, boiled, dehydrated, roasted or processed into beverages, jams, syrup, vinegar, flour, chips and juice. If they are eaten fresh, they are sweet and crunchy.', 2, 4),
(245, 'Alexanders / Black lovage', 'Smyrnium olusatrum', 4, 2, 3, 1, 0, 'Leaves are good in salads but in small amounts because they are strong', 2, 4),
(246, 'Chickweed', 'Stellaria media', 2, 1, 3, 1, 0, 'Nice in salads when young', 1, 4),
(247, 'Nasturtium', 'Tropaeolum majus', 2, 1, 4, 1, 0, 'All of the above-ground parts of the plants are edible. The flower has most often been consumed, making for an especially ornamental salad ingredient; it has a slightly peppery taste reminiscent of watercress, and is also used in stir fry.', 2, 4),
(248, 'Ulluco', 'Ullucus tuberosus', 1, 1, 1, 1, 0, 'Because of its high water content, ulluco is not suitable for frying or baking, but it can be cooked in many other ways like the potato. In the pickled form, it is added to hot sauces.', 0, 4),
(249, 'Vetch / Tares', 'Vicia sativa ', 2, 1, 3, 1, 0, 'Young shots can be eaten in salads. The green seeds are also edible', 3, 4),
(250, 'Groundnut', 'Apios americana', 3, 1, 3, 1, 0, 'Tubers are eaten cooked', 0, 4),
(251, 'Yams / Air potatoes', 'Dioscorea', 2, 1, 2, 1, 0, 'Both aerial and underground tubers can be eaten', 0, 4),
(252, 'Sweet tea vine', 'Gynostemma pentaphyllum', 4, 2, 4, 1, 0, 'The plant is used in folk medicine, typically as an herbal tea, but may be used as an alcohol extract or in dietary supplements.', 1, 4),
(253, 'Caucasian spinach', 'Hablitzia tamnoides', 3, 2, 3, 1, 0, 'The steamed shoots make a good spinach-like vegetable', 0, 4),
(254, 'Hop', 'Humulus lupulus', 3, 1, 4, 1, 0, 'The female flowers are used in brewing beer.', 0, 4),
(255, 'Perennial sweet pea', 'Lathyrus latifolius & L. sylvestris', 2, 1, 3, 1, 0, 'Good nitrogen fixer. Young peas inside the pods are also edible', 0, 4);
INSERT INTO `plant` (`id`, `name`, `latin_name`, `shade_tolerance`, `shade_preference`, `performance`, `small`, `nitrogen_fixing`, `description`, `cover`, `layer_id`) VALUES
(256, 'Earthnut pea', 'Lathyrus tuberosus', 2, 1, 1, 1, 0, 'Today in allotments of middle Europe, Lathyrus tuberosus is occasionally grown for its odour, its appearance and its edible tubers.', 0, 4),
(257, 'Maypop', 'Passiflora incarnata', 2, 1, 2, 1, 0, 'Passionflower has culinary fruits that may be used for jams, jellies and desserts. The juice is a favorite flavoring in drinks.', 0, 4),
(258, 'Mashua', 'Tropaeolum tuberosum', 2, 1, 1, 1, 0, 'Raw mashua tuber is bitter due to glucosinolates, but the bitterness diminishes after cooking, freezing, or pounding.', 0, 4),
(259, 'Wood vetch', 'Vicia sylvatica ', 2, 1, 3, 1, 0, 'Nitrogen Fixer', 0, 4),
(260, 'Kiwis', 'Actinidia arguta, A. deliciosa & A. kolomikta', 3, 1, 3, 1, 0, 'Excellent fruits eaten fresh', 0, 4),
(261, 'Chocolate vine / Three-leaf akebia', 'Akebia quinata & A. trifoliata', 2, 1, 1, 1, 0, 'The fruit contains a sweet soft pulp resembling a white dragonfruit, eaten primarily in Japan as a seasonal delicacy. The rind, with a slight bitter taste, is used as vegetable', 2, 4),
(262, 'Old Man\'s beard / Traveller\'s Joy', 'Clematis vitalba', 4, 2, 2, 1, 0, 'Stems are good for basketry material', 0, 4),
(263, 'Honeysuckle / Woodbine', 'Lonicera periclymenum', 3, 1, 2, 1, 0, 'Stems are good for basketry material', 0, 4),
(264, 'Virginia Creeper & Boston Ivy', 'Parthenocissus quinquefolia', 4, 1, 3, 1, 0, 'Fruits are edible', 2, 4),
(265, 'Magnola Vine', 'Schisandra chinensis', 2, 1, 2, 1, 0, 'Fruits are edible', 0, 4),
(266, 'Grapes', 'Vitis', 2, 1, 4, 1, 0, 'Commercially cultivated grapes can usually be classified as either table or wine grapes, based on their intended method of consumption: eaten raw (table grapes) or used to make wine', 2, 4),
(267, 'Wisterias', 'Wisteria', 2, 1, 3, 1, 0, 'Nitrogen Fixer', 2, 4);

-- --------------------------------------------------------

--
-- Structure de la table `plant_evergreen`
--

DROP TABLE IF EXISTS `plant_evergreen`;
CREATE TABLE IF NOT EXISTS `plant_evergreen` (
  `plant_id` int(11) NOT NULL,
  `evergreen_id` int(11) NOT NULL,
  KEY `evergreen_id` (`evergreen_id`),
  KEY `plant_id` (`plant_id`)
) ENGINE=InnoDB DEFAULT CHARSET=utf8;

--
-- Déchargement des données de la table `plant_evergreen`
--

INSERT INTO `plant_evergreen` (`plant_id`, `evergreen_id`) VALUES
(1, 1),
(2, 1),
(3, 1),
(4, 1),
(5, 1),
(6, 1),
(7, 1),
(8, 1),
(9, 1),
(10, 1),
(11, 1),
(12, 1),
(13, 2),
(14, 1),
(15, 1),
(16, 1),
(17, 1),
(18, 1),
(19, 2),
(20, 1),
(21, 1),
(22, 1),
(23, 1),
(24, 1),
(25, 1),
(26, 1),
(27, 2),
(28, 1),
(29, 1),
(30, 1),
(31, 1),
(32, 1),
(33, 1),
(34, 1),
(35, 1),
(36, 2),
(37, 1),
(38, 1),
(38, 2),
(39, 1),
(40, 1),
(41, 2),
(42, 1),
(43, 1),
(44, 1),
(45, 2),
(46, 2),
(47, 1),
(48, 1),
(49, 1),
(50, 1),
(51, 1),
(52, 1),
(53, 1),
(53, 2),
(54, 1),
(55, 1),
(56, 1),
(57, 1),
(58, 1),
(59, 1),
(60, 1),
(61, 1),
(62, 1),
(63, 1),
(64, 1),
(64, 2),
(65, 2),
(66, 1),
(67, 1),
(68, 1),
(68, 2),
(69, 2),
(70, 1),
(71, 1),
(72, 2),
(73, 2),
(74, 2),
(75, 1),
(76, 1),
(77, 2),
(78, 2),
(79, 1),
(80, 1),
(81, 1),
(82, 1),
(83, 1),
(84, 1),
(85, 1),
(86, 1),
(87, 1),
(88, 1),
(89, 2),
(90, 1),
(91, 1),
(92, 2),
(93, 1),
(94, 2),
(95, 2),
(96, 2),
(97, 1),
(98, 1),
(99, 2),
(100, 1),
(101, 1),
(102, 1),
(103, 2),
(104, 1),
(105, 2),
(106, 2),
(107, 1),
(108, 1),
(109, 1),
(110, 1),
(111, 1),
(112, 1),
(113, 1),
(114, 1),
(115, 1),
(116, 1),
(117, 2),
(118, 1),
(119, 1),
(120, 1),
(120, 2),
(121, 2),
(122, 2),
(123, 2),
(124, 2),
(125, 2),
(126, 2),
(127, 2),
(128, 1),
(129, 1),
(130, 1),
(131, 1),
(132, 1),
(133, 1),
(134, 1),
(135, 1),
(136, 1),
(137, 1),
(138, 1),
(139, 1),
(140, 2),
(141, 2),
(142, 1),
(142, 2),
(143, 1),
(144, 2),
(145, 2),
(146, 2),
(147, 1),
(148, 2),
(149, 1),
(150, 1),
(150, 2),
(151, 1),
(152, 1),
(153, 3),
(154, 1),
(155, 1),
(156, 1),
(157, 1),
(158, 1),
(159, 1),
(160, 1),
(161, 1),
(162, 1),
(163, 1),
(164, 1),
(165, 1),
(166, 1),
(167, 1),
(167, 2),
(168, 1),
(169, 2),
(170, 1),
(171, 1),
(172, 2),
(173, 1),
(174, 1),
(175, 1),
(176, 1),
(177, 1),
(178, 1),
(179, 1),
(180, 1),
(181, 1),
(182, 1),
(183, 1),
(184, 1),
(185, 1),
(186, 1),
(186, 2),
(187, 1),
(187, 2),
(188, 1),
(189, 1),
(190, 2),
(191, 1),
(192, 1),
(193, 2),
(193, 1),
(194, 1),
(195, 1),
(196, 1),
(197, 1),
(198, 1),
(199, 1),
(200, 1),
(201, 1),
(202, 1),
(203, 1),
(204, 1),
(205, 1),
(206, 1),
(207, 1),
(208, 1),
(209, 2),
(210, 2),
(210, 1),
(211, 1),
(212, 1),
(213, 1),
(214, 1),
(215, 2),
(216, 1),
(217, 1),
(217, 2),
(218, 3),
(219, 1),
(220, 2),
(221, 2),
(222, 1),
(223, 2),
(224, 1),
(225, 1),
(226, 1),
(227, 2),
(228, 2),
(229, 1),
(230, 1),
(231, 1),
(232, 1),
(233, 2),
(234, 1),
(235, 1),
(236, 1),
(237, 2),
(238, 1),
(239, 2),
(240, 1),
(241, 2),
(242, 1),
(243, 1),
(244, 1),
(245, 1),
(246, 1),
(247, 1),
(248, 1),
(249, 2),
(250, 1),
(251, 1),
(252, 1),
(253, 1),
(254, 1),
(255, 1),
(256, 1),
(257, 1),
(258, 1),
(259, 1),
(260, 1),
(261, 2),
(262, 1),
(263, 1),
(264, 1),
(265, 1),
(266, 1),
(267, 1);

-- --------------------------------------------------------

--
-- Structure de la table `plant_fertility`
--

DROP TABLE IF EXISTS `plant_fertility`;
CREATE TABLE IF NOT EXISTS `plant_fertility` (
  `plant_id` int(11) NOT NULL,
  `fertility_id` int(11) NOT NULL,
  KEY `fertility_id` (`fertility_id`),
  KEY `plant_id` (`plant_id`)
) ENGINE=InnoDB DEFAULT CHARSET=utf8;

--
-- Déchargement des données de la table `plant_fertility`
--

INSERT INTO `plant_fertility` (`plant_id`, `fertility_id`) VALUES
(1, 1),
(2, 1),
(3, 1),
(3, 2),
(4, 1),
(5, 1),
(6, 1),
(6, 2),
(7, 1),
(8, 1),
(8, 2),
(9, 1),
(10, 1),
(10, 2),
(11, 1),
(11, 2),
(12, 1),
(13, 1),
(14, 2),
(15, 1),
(16, 1),
(17, 1),
(18, 2),
(19, 2),
(20, 2),
(21, 1),
(22, 1),
(23, 2),
(24, 2),
(25, 1),
(26, 1),
(27, 3),
(28, 1),
(29, 2),
(30, 2),
(31, 1),
(32, 3),
(33, 2),
(34, 2),
(35, 2),
(36, 1),
(37, 1),
(37, 2),
(38, 1),
(39, 1),
(40, 1),
(41, 1),
(42, 1),
(43, 1),
(44, 1),
(45, 1),
(46, 1),
(47, 1),
(48, 1),
(49, 1),
(50, 2),
(51, 3),
(52, 1),
(53, 1),
(54, 1),
(55, 2),
(56, 1),
(57, 1),
(58, 1),
(59, 1),
(60, 1),
(61, 1),
(62, 1),
(63, 1),
(64, 1),
(65, 1),
(66, 1),
(67, 1),
(68, 1),
(69, 3),
(70, 1),
(71, 1),
(71, 2),
(72, 1),
(73, 1),
(74, 3),
(75, 2),
(76, 1),
(77, 1),
(78, 1),
(79, 1),
(80, 1),
(81, 1),
(82, 1),
(83, 1),
(84, 1),
(85, 1),
(86, 2),
(87, 1),
(88, 1),
(89, 1),
(90, 1),
(91, 1),
(92, 3),
(93, 1),
(94, 1),
(95, 1),
(96, 1),
(97, 1),
(98, 1),
(99, 1),
(100, 1),
(101, 1),
(102, 2),
(103, 1),
(104, 1),
(105, 1),
(106, 1),
(107, 1),
(108, 1),
(109, 1),
(110, 1),
(111, 1),
(112, 1),
(113, 1),
(114, 1),
(115, 1),
(116, 1),
(117, 1),
(118, 2),
(119, 1),
(120, 1),
(121, 1),
(122, 2),
(123, 2),
(124, 1),
(125, 2),
(126, 1),
(127, 1),
(128, 1),
(129, 1),
(130, 1),
(131, 1),
(132, 1),
(133, 1),
(134, 1),
(135, 1),
(136, 1),
(137, 1),
(138, 3),
(139, 1),
(140, 1),
(141, 1),
(142, 1),
(143, 1),
(144, 1),
(145, 1),
(146, 1),
(147, 1),
(148, 1),
(149, 1),
(150, 1),
(151, 1),
(152, 1),
(153, 1),
(154, 1),
(155, 1),
(156, 1),
(157, 1),
(158, 1),
(159, 1),
(160, 1),
(161, 1),
(162, 1),
(163, 1),
(164, 1),
(165, 1),
(166, 1),
(167, 1),
(168, 1),
(169, 1),
(170, 1),
(171, 1),
(172, 1),
(173, 1),
(174, 1),
(175, 1),
(176, 1),
(177, 1),
(178, 1),
(179, 1),
(180, 1),
(181, 1),
(182, 1),
(183, 1),
(184, 1),
(185, 1),
(186, 1),
(187, 1),
(188, 1),
(189, 1),
(190, 1),
(191, 1),
(192, 1),
(193, 1),
(194, 1),
(195, 1),
(196, 1),
(197, 1),
(198, 1),
(199, 1),
(200, 1),
(201, 1),
(202, 1),
(203, 1),
(204, 1),
(205, 1),
(206, 1),
(207, 1),
(208, 1),
(209, 1),
(210, 1),
(211, 1),
(212, 1),
(213, 1),
(214, 1),
(215, 1),
(216, 1),
(217, 1),
(218, 1),
(219, 1),
(220, 1),
(221, 1),
(222, 1),
(223, 1),
(224, 1),
(225, 1),
(226, 1),
(227, 1),
(228, 1),
(229, 1),
(230, 1),
(231, 1),
(232, 1),
(233, 1),
(234, 1),
(235, 1),
(236, 1),
(237, 1),
(238, 1),
(239, 1),
(240, 1),
(241, 1),
(242, 1),
(243, 1),
(244, 1),
(245, 1),
(246, 1),
(247, 1),
(248, 1),
(249, 1),
(250, 1),
(251, 1),
(252, 3),
(253, 1),
(254, 3),
(255, 1),
(256, 1),
(257, 1),
(258, 1),
(259, 1),
(260, 3),
(261, 2),
(262, 1),
(263, 1),
(264, 1),
(265, 2),
(266, 1),
(267, 1);

-- --------------------------------------------------------

--
-- Structure de la table `plant_hardiness`
--

DROP TABLE IF EXISTS `plant_hardiness`;
CREATE TABLE IF NOT EXISTS `plant_hardiness` (
  `plant_id` int(11) NOT NULL,
  `hardiness_id` int(11) NOT NULL,
  KEY `plant_id` (`plant_id`),
  KEY `hardiness_id` (`hardiness_id`)
) ENGINE=InnoDB DEFAULT CHARSET=utf8;

--
-- Déchargement des données de la table `plant_hardiness`
--

INSERT INTO `plant_hardiness` (`plant_id`, `hardiness_id`) VALUES
(1, 3),
(2, 5),
(3, 2),
(4, 5),
(5, 4),
(6, 2),
(7, 2),
(8, 4),
(9, 3),
(10, 2),
(11, 3),
(12, 3),
(13, 6),
(14, 4),
(15, 4),
(15, 6),
(16, 4),
(17, 4),
(18, 4),
(18, 5),
(19, 5),
(20, 2),
(21, 4),
(22, 4),
(23, 3),
(24, 3),
(25, 4),
(26, 5),
(27, 5),
(28, 1),
(29, 4),
(30, 4),
(31, 3),
(31, 4),
(32, 3),
(33, 3),
(34, 3),
(35, 3),
(36, 4),
(36, 6),
(37, 5),
(38, 2),
(38, 3),
(38, 4),
(38, 5),
(38, 6),
(39, 1),
(39, 2),
(39, 3),
(39, 4),
(40, 4),
(41, 5),
(42, 5),
(43, 2),
(43, 3),
(43, 4),
(45, 6),
(45, 7),
(46, 7),
(47, 2),
(47, 5),
(48, 1),
(49, 5),
(49, 6),
(50, 2),
(51, 2),
(51, 6),
(52, 3),
(53, 5),
(53, 7),
(54, 2),
(55, 1),
(56, 4),
(57, 3),
(58, 4),
(59, 5),
(60, 4),
(61, 5),
(62, 2),
(63, 4),
(64, 1),
(64, 2),
(64, 4),
(64, 3),
(64, 5),
(65, 5),
(65, 6),
(65, 7),
(65, 8),
(66, 3),
(67, 3),
(68, 5),
(69, 5),
(70, 4),
(71, 5),
(72, 7),
(73, 5),
(74, 2),
(75, 1),
(76, 5),
(77, 4),
(78, 7),
(79, 4),
(80, 1),
(81, 2),
(82, 1),
(83, 3),
(84, 5),
(85, 1),
(86, 4),
(87, 4),
(88, 3),
(89, 6),
(90, 4),
(91, 4),
(91, 6),
(92, 7),
(93, 1),
(94, 7),
(95, 6),
(96, 4),
(97, 6),
(98, 5),
(99, 5),
(100, 4),
(101, 1),
(102, 2),
(103, 6),
(104, 4),
(105, 7),
(106, 6),
(107, 1),
(108, 3),
(109, 2),
(110, 2),
(111, 4),
(112, 1),
(113, 4),
(114, 3),
(115, 3),
(116, 4),
(117, 7),
(118, 1),
(119, 1),
(120, 2),
(120, 3),
(120, 4),
(120, 5),
(121, 3),
(122, 5),
(123, 6),
(124, 6),
(125, 5),
(126, 1),
(127, 4),
(128, 4),
(129, 7),
(130, 5),
(131, 4),
(132, 3),
(133, 4),
(134, 3),
(135, 2),
(136, 4),
(137, 3),
(138, 3),
(139, 5),
(140, 5),
(141, 7),
(142, 3),
(143, 4),
(144, 1),
(144, 2),
(144, 3),
(144, 4),
(144, 5),
(144, 6),
(144, 7),
(145, 3),
(146, 6),
(147, 5),
(148, 4),
(149, 2),
(150, 2),
(151, 3),
(152, 7),
(153, 5),
(154, 2),
(155, 4),
(156, 5),
(157, 3),
(158, 3),
(159, 3),
(160, 1),
(161, 3),
(162, 5),
(163, 4),
(164, 5),
(165, 2),
(166, 2),
(167, 5),
(168, 4),
(169, 1),
(170, 4),
(171, 2),
(172, 6),
(173, 1),
(174, 5),
(175, 3),
(176, 4),
(177, 2),
(177, 3),
(177, 4),
(177, 5),
(178, 7),
(178, 8),
(179, 4),
(180, 4),
(181, 3),
(182, 5),
(183, 3),
(184, 3),
(185, 4),
(186, 3),
(187, 3),
(187, 4),
(187, 5),
(187, 6),
(187, 7),
(188, 4),
(189, 3),
(190, 6),
(191, 1),
(192, 5),
(193, 3),
(194, 3),
(195, 4),
(196, 2),
(196, 5),
(197, 3),
(198, 4),
(199, 2),
(200, 2),
(201, 2),
(202, 4),
(203, 5),
(204, 4),
(205, 4),
(206, 4),
(207, 5),
(208, 3),
(209, 5),
(210, 4),
(211, 5),
(212, 3),
(213, 3),
(214, 5),
(215, 5),
(216, 4),
(217, 1),
(217, 3),
(218, 4),
(219, 2),
(220, 3),
(221, 4),
(222, 3),
(223, 3),
(224, 2),
(225, 3),
(226, 2),
(227, 3),
(227, 6),
(228, 3),
(229, 4),
(230, 4),
(231, 2),
(231, 4),
(232, 5),
(233, 6),
(234, 5),
(235, 3),
(236, 3),
(237, 3),
(238, 8),
(239, 7),
(240, 5),
(241, 4),
(242, 8),
(243, 4),
(244, 8),
(245, 4),
(246, 4),
(247, 4),
(248, 8),
(249, 4),
(250, 2),
(251, 4),
(252, 6),
(253, 3),
(254, 4),
(255, 4),
(256, 5),
(257, 5),
(258, 7),
(259, 2),
(260, 1),
(260, 6),
(261, 4),
(262, 3),
(263, 4),
(264, 2),
(265, 3),
(266, 4),
(267, 3),
(267, 4),
(267, 5);

-- --------------------------------------------------------

--
-- Structure de la table `plant_layer`
--

DROP TABLE IF EXISTS `plant_layer`;
CREATE TABLE IF NOT EXISTS `plant_layer` (
  `plant_id` int(11) NOT NULL,
  `layer_id` int(11) NOT NULL,
  KEY `layer_id` (`layer_id`),
  KEY `plant_id` (`plant_id`)
) ENGINE=InnoDB DEFAULT CHARSET=utf8;

--
-- Déchargement des données de la table `plant_layer`
--

INSERT INTO `plant_layer` (`plant_id`, `layer_id`) VALUES
(1, 1),
(2, 1),
(3, 1),
(4, 1),
(5, 1),
(6, 1),
(7, 1),
(8, 1),
(9, 1),
(10, 1),
(11, 1),
(12, 1),
(13, 1),
(14, 1),
(15, 1),
(16, 1),
(17, 1),
(18, 1),
(19, 1),
(20, 1),
(21, 1),
(22, 1),
(23, 1),
(24, 1),
(25, 1),
(26, 1),
(27, 1),
(28, 1),
(29, 1),
(30, 1),
(31, 1),
(32, 1),
(33, 1),
(34, 1),
(35, 1),
(36, 1),
(37, 1),
(38, 1),
(39, 1),
(40, 1),
(41, 1),
(42, 1),
(43, 1),
(44, 1),
(45, 1),
(46, 1),
(47, 1),
(48, 1),
(49, 1),
(50, 1),
(51, 1),
(52, 1),
(53, 1),
(54, 1),
(55, 1),
(56, 2),
(57, 2),
(58, 2),
(59, 2),
(60, 2),
(61, 2),
(62, 2),
(63, 2),
(64, 2),
(65, 2),
(66, 2),
(67, 2),
(68, 2),
(69, 2),
(70, 2),
(71, 2),
(72, 2),
(73, 2),
(74, 2),
(75, 2),
(76, 2),
(77, 2),
(78, 2),
(79, 2),
(80, 2),
(81, 2),
(82, 2),
(83, 2),
(84, 2),
(85, 2),
(86, 2),
(87, 2),
(88, 2),
(89, 2),
(90, 2),
(91, 2),
(92, 2),
(93, 2),
(94, 2),
(95, 2),
(96, 2),
(97, 2),
(98, 2),
(99, 2),
(100, 2),
(101, 2),
(102, 2),
(103, 2),
(104, 2),
(105, 2),
(106, 2),
(107, 2),
(108, 2),
(109, 2),
(110, 2),
(111, 2),
(112, 2),
(113, 2),
(114, 2),
(115, 2),
(116, 2),
(117, 2),
(118, 2),
(119, 3),
(120, 3),
(121, 3),
(122, 3),
(123, 3),
(124, 3),
(125, 3),
(126, 3),
(127, 3),
(128, 3),
(129, 3),
(130, 3),
(131, 3),
(132, 3),
(133, 3),
(134, 3),
(135, 3),
(136, 3),
(137, 3),
(138, 3),
(139, 3),
(140, 3),
(141, 3),
(142, 3),
(143, 3),
(144, 3),
(145, 3),
(146, 3),
(147, 3),
(148, 3),
(149, 3),
(150, 3),
(151, 3),
(152, 3),
(153, 3),
(154, 3),
(155, 3),
(156, 3),
(157, 3),
(158, 3),
(159, 3),
(160, 3),
(161, 3),
(162, 3),
(163, 3),
(164, 3),
(165, 3),
(166, 3),
(167, 3),
(168, 3),
(169, 3),
(170, 3),
(171, 3),
(172, 3),
(173, 3),
(174, 3),
(175, 3),
(176, 3),
(177, 3),
(178, 3),
(179, 3),
(180, 3),
(181, 3),
(182, 3),
(183, 3),
(184, 3),
(185, 3),
(186, 3),
(187, 3),
(188, 3),
(189, 3),
(190, 3),
(191, 3),
(192, 3),
(193, 3),
(194, 3),
(195, 3),
(196, 3),
(197, 3),
(198, 3),
(199, 3),
(200, 3),
(201, 3),
(202, 3),
(203, 3),
(204, 3),
(205, 3),
(206, 3),
(207, 3),
(208, 3),
(209, 3),
(210, 3),
(211, 3),
(212, 3),
(213, 3),
(214, 3),
(215, 3),
(216, 3),
(217, 3),
(218, 3),
(219, 3),
(220, 3),
(221, 3),
(222, 3),
(223, 3),
(224, 3),
(225, 3),
(226, 3),
(227, 3),
(228, 3),
(229, 4),
(230, 4),
(231, 4),
(232, 4),
(233, 4),
(234, 4),
(235, 4),
(236, 4),
(237, 4),
(238, 4),
(239, 4),
(240, 4),
(241, 4),
(242, 4),
(243, 4),
(244, 4),
(245, 4),
(246, 4),
(247, 4),
(248, 4),
(249, 4),
(250, 4),
(251, 4),
(252, 4),
(253, 4),
(254, 4),
(255, 4),
(256, 4),
(257, 4),
(258, 4),
(259, 4),
(260, 4),
(261, 4),
(262, 4),
(263, 4),
(264, 4),
(265, 4),
(266, 4),
(267, 4);

-- --------------------------------------------------------

--
-- Structure de la table `plant_type`
--

DROP TABLE IF EXISTS `plant_type`;
CREATE TABLE IF NOT EXISTS `plant_type` (
  `plant_id` int(11) NOT NULL,
  `type_id` int(11) NOT NULL,
  KEY `plant_id` (`plant_id`),
  KEY `type_id` (`type_id`)
) ENGINE=InnoDB DEFAULT CHARSET=utf8;

--
-- Déchargement des données de la table `plant_type`
--

INSERT INTO `plant_type` (`plant_id`, `type_id`) VALUES
(1, 1),
(2, 1),
(3, 1),
(4, 1),
(5, 1),
(6, 1),
(7, 1),
(8, 1),
(9, 1),
(10, 1),
(11, 1),
(12, 1),
(13, 1),
(14, 1),
(15, 1),
(16, 1),
(17, 1),
(18, 1),
(19, 1),
(20, 1),
(21, 1),
(22, 1),
(23, 1),
(24, 1),
(25, 1),
(26, 1),
(27, 2),
(28, 2),
(29, 2),
(30, 2),
(31, 2),
(32, 2),
(33, 2),
(34, 2),
(35, 2),
(36, 2),
(37, 2),
(38, 2),
(39, 3),
(40, 3),
(41, 3),
(42, 3),
(43, 4),
(44, 4),
(45, 5),
(46, 6),
(47, 6),
(48, 2),
(49, 6),
(50, 6),
(51, 1),
(52, 6),
(53, 6),
(54, 6),
(55, 6),
(56, 7),
(57, 7),
(58, 7),
(59, 7),
(60, 7),
(61, 7),
(62, 7),
(63, 7),
(64, 7),
(65, 7),
(66, 8),
(67, 8),
(68, 8),
(69, 9),
(70, 8),
(71, 8),
(72, 8),
(73, 8),
(74, 8),
(75, 8),
(76, 8),
(77, 8),
(78, 8),
(79, 8),
(80, 8),
(81, 8),
(82, 8),
(83, 8),
(84, 8),
(85, 8),
(86, 9),
(87, 9),
(88, 9),
(89, 10),
(90, 10),
(91, 11),
(92, 11),
(93, 11),
(94, 11),
(95, 11),
(96, 11),
(97, 11),
(98, 11),
(99, 12),
(100, 12),
(101, 12),
(102, 12),
(103, 13),
(104, 13),
(105, 14),
(106, 14),
(107, 15),
(108, 15),
(109, 15),
(110, 15),
(111, 16),
(112, 16),
(113, 17),
(114, 18),
(115, 18),
(116, 18),
(117, 18),
(118, 18),
(119, 19),
(120, 19),
(121, 19),
(122, 19),
(123, 19),
(124, 19),
(125, 19),
(126, 19),
(127, 19),
(128, 20),
(129, 20),
(130, 20),
(131, 20),
(132, 20),
(133, 20),
(134, 20),
(135, 20),
(136, 20),
(137, 20),
(138, 20),
(139, 20),
(140, 20),
(141, 20),
(142, 20),
(143, 20),
(144, 20),
(145, 20),
(146, 20),
(147, 20),
(148, 20),
(149, 20),
(150, 20),
(151, 20),
(152, 20),
(153, 20),
(154, 20),
(155, 20),
(156, 20),
(157, 20),
(158, 20),
(159, 20),
(160, 20),
(161, 20),
(162, 20),
(163, 20),
(164, 20),
(165, 20),
(166, 20),
(167, 20),
(168, 20),
(169, 20),
(170, 20),
(171, 20),
(172, 20),
(173, 20),
(174, 20),
(175, 20),
(176, 20),
(177, 20),
(178, 20),
(179, 20),
(180, 20),
(181, 20),
(182, 20),
(183, 20),
(184, 20),
(185, 20),
(186, 20),
(187, 20),
(188, 21),
(189, 21),
(190, 21),
(191, 21),
(192, 21),
(193, 21),
(194, 21),
(195, 21),
(196, 21),
(197, 21),
(198, 21),
(199, 22),
(200, 22),
(201, 22),
(202, 22),
(203, 22),
(204, 22),
(205, 23),
(206, 23),
(207, 23),
(208, 23),
(209, 23),
(210, 23),
(211, 23),
(212, 23),
(213, 23),
(214, 24),
(215, 24),
(216, 24),
(217, 24),
(218, 24),
(219, 24),
(220, 24),
(221, 24),
(222, 24),
(223, 24),
(224, 24),
(225, 24),
(226, 24),
(227, 24),
(228, 24),
(229, 25),
(230, 25),
(231, 25),
(232, 25),
(233, 25),
(234, 25),
(235, 25),
(236, 25),
(237, 25),
(238, 25),
(239, 25),
(240, 25),
(241, 25),
(242, 25),
(243, 25),
(244, 25),
(245, 25),
(246, 25),
(247, 25),
(248, 25),
(249, 25),
(250, 26),
(251, 26),
(252, 26),
(253, 26),
(254, 26),
(255, 26),
(256, 26),
(257, 26),
(258, 26),
(259, 26),
(260, 26),
(261, 26),
(262, 26),
(263, 26),
(264, 26),
(265, 26),
(266, 26),
(267, 26);

-- --------------------------------------------------------

--
-- Structure de la table `plant_users`
--

DROP TABLE IF EXISTS `plant_users`;
CREATE TABLE IF NOT EXISTS `plant_users` (
  `plant_id` int(11) NOT NULL,
  `users_id` int(11) NOT NULL,
  KEY `plant_id` (`plant_id`),
  KEY `users_id` (`users_id`)
) ENGINE=InnoDB DEFAULT CHARSET=utf8;

--
-- Déchargement des données de la table `plant_users`
--

INSERT INTO `plant_users` (`plant_id`, `users_id`) VALUES
(3, 1),
(6, 1),
(3, 2),
(4, 2),
(5, 2),
(30, 2),
(22, 1);

-- --------------------------------------------------------

--
-- Structure de la table `type`
--

DROP TABLE IF EXISTS `type`;
CREATE TABLE IF NOT EXISTS `type` (
  `id` int(11) NOT NULL AUTO_INCREMENT,
  `name` varchar(255) NOT NULL,
  PRIMARY KEY (`id`)
) ENGINE=InnoDB AUTO_INCREMENT=27 DEFAULT CHARSET=utf8;

--
-- Déchargement des données de la table `type`
--

INSERT INTO `type` (`id`, `name`) VALUES
(1, 'Common Fruiting Tree'),
(2, 'Nut and Seed Tree'),
(3, 'Tree with Edible Leaves'),
(4, 'Tree with other Edible Parts'),
(5, 'Medicinal Tree'),
(6, 'Nitrogen Fixing Tree'),
(7, 'Common Fruiting Shrub'),
(8, 'Less Common Fruiting Shrub'),
(9, 'Nut and Seed Shrub'),
(10, 'Shrub with Edible Leaves'),
(11, 'Shrub for Herbs and Spices'),
(12, 'Shrub with other Edible Parts'),
(13, 'Medicinal Shrub'),
(14, 'Shrub for Tying Material'),
(15, 'Shrub for Basketing Material'),
(16, 'Shrub for Dye Parts'),
(17, 'Shrub for Soap Sources'),
(18, 'Nitrogen Fixing Shrub'),
(19, 'Perennials / Covers for Edible Fruits'),
(20, 'Perennials / Covers for Edible Leaves and Stems'),
(21, 'Perennials / Covers with other Edible Parts'),
(22, 'Medicinal Perennials / Covers '),
(23, 'Perennials / Covers for Mineral Accumulation'),
(24, 'Perennials / Covers with other uses'),
(25, 'Annuals and Biennals'),
(26, 'Herbaceous Perennial Climbers');

-- --------------------------------------------------------

--
-- Structure de la table `users`
--

DROP TABLE IF EXISTS `users`;
CREATE TABLE IF NOT EXISTS `users` (
  `id` int(11) NOT NULL AUTO_INCREMENT,
  `username` varchar(50) NOT NULL,
  `password` varchar(255) NOT NULL,
  PRIMARY KEY (`id`)
) ENGINE=InnoDB AUTO_INCREMENT=3 DEFAULT CHARSET=utf8;

--
-- Déchargement des données de la table `users`
--

INSERT INTO `users` (`id`, `username`, `password`) VALUES
(1, 'hyh', '$2y$10$sakouau5VdoPpAz8Bz9Tq.fFhej00X6uEjpVgWjJkZcIJDP2f1U2S'),
(2, 'bonjour', '$2y$10$TlON8Q6Mv5NyHY0NknEc..1N2gmB6OOoTZdtoT6xAHZt6kpHZF/m2');

--
-- Contraintes pour les tables déchargées
--

--
-- Contraintes pour la table `plant`
--
ALTER TABLE `plant`
  ADD CONSTRAINT `plant_ibfk_2` FOREIGN KEY (`layer_id`) REFERENCES `layer` (`id`);

--
-- Contraintes pour la table `plant_evergreen`
--
ALTER TABLE `plant_evergreen`
  ADD CONSTRAINT `plant_evergreen_ibfk_1` FOREIGN KEY (`evergreen_id`) REFERENCES `evergreen` (`id`),
  ADD CONSTRAINT `plant_evergreen_ibfk_2` FOREIGN KEY (`plant_id`) REFERENCES `plant` (`id`);

--
-- Contraintes pour la table `plant_fertility`
--
ALTER TABLE `plant_fertility`
  ADD CONSTRAINT `plant_fertility_ibfk_1` FOREIGN KEY (`fertility_id`) REFERENCES `fertility` (`id`),
  ADD CONSTRAINT `plant_fertility_ibfk_2` FOREIGN KEY (`plant_id`) REFERENCES `plant` (`id`);

--
-- Contraintes pour la table `plant_hardiness`
--
ALTER TABLE `plant_hardiness`
  ADD CONSTRAINT `plant_hardiness_ibfk_1` FOREIGN KEY (`hardiness_id`) REFERENCES `hardiness` (`id`),
  ADD CONSTRAINT `plant_hardiness_ibfk_2` FOREIGN KEY (`plant_id`) REFERENCES `plant` (`id`);

--
-- Contraintes pour la table `plant_layer`
--
ALTER TABLE `plant_layer`
  ADD CONSTRAINT `plant_layer_ibfk_1` FOREIGN KEY (`plant_id`) REFERENCES `plant` (`id`),
  ADD CONSTRAINT `plant_layer_ibfk_2` FOREIGN KEY (`layer_id`) REFERENCES `layer` (`id`);

--
-- Contraintes pour la table `plant_type`
--
ALTER TABLE `plant_type`
  ADD CONSTRAINT `plant_type_ibfk_1` FOREIGN KEY (`plant_id`) REFERENCES `plant` (`id`),
  ADD CONSTRAINT `plant_type_ibfk_2` FOREIGN KEY (`type_id`) REFERENCES `type` (`id`);

--
-- Contraintes pour la table `plant_users`
--
ALTER TABLE `plant_users`
  ADD CONSTRAINT `plant_users_ibfk_1` FOREIGN KEY (`plant_id`) REFERENCES `plant` (`id`),
  ADD CONSTRAINT `plant_users_ibfk_2` FOREIGN KEY (`users_id`) REFERENCES `users` (`id`);
COMMIT;

/*!40101 SET CHARACTER_SET_CLIENT=@OLD_CHARACTER_SET_CLIENT */;
/*!40101 SET CHARACTER_SET_RESULTS=@OLD_CHARACTER_SET_RESULTS */;
/*!40101 SET COLLATION_CONNECTION=@OLD_COLLATION_CONNECTION */;
